{"cameraMode":{"drawMode":0,"name":"Shaded","section":"Shading Mode"},"sceneLighting":false,"audioPlay":false,"sceneViewState":{"showFog":true,"showMaterialUpdate":false,"showSkybox":true,"showFlares":true,"showImageEffects":true,"showParticleSystems":true},"in2DMode":false,"pivot":{"x":-0.0986928939819336,"y":1.9335551261901856,"z":-0.3223171532154083},"rotation":{"x":-0.28300005197525027,"y":0.6592893004417419,"z":-0.2958533763885498,"w":-0.630649983882904},"size":5.7157673835754398,"orthographic":false}