{"cameraMode":{"drawMode":0,"name":"Shaded","section":"Shading Mode"},"sceneLighting":false,"audioPlay":false,"sceneViewState":{"showFog":true,"showMaterialUpdate":false,"showSkybox":true,"showFlares":true,"showImageEffects":true,"showParticleSystems":true},"in2DMode":false,"pivot":{"x":-4.888393878936768,"y":-2.0915520191192629,"z":-2.4247193336486818},"rotation":{"x":-0.12266408652067185,"y":0.8433831334114075,"z":-0.21743334829807282,"w":-0.4757953882217407},"size":9.21429443359375,"orthographic":false}