{"cameraMode":{"drawMode":0,"name":"Shaded","section":"Shading Mode"},"sceneLighting":false,"audioPlay":false,"sceneViewState":{"showFog":true,"showMaterialUpdate":false,"showSkybox":true,"showFlares":true,"showImageEffects":true,"showParticleSystems":true},"in2DMode":false,"pivot":{"x":6.281717300415039,"y":0.6633186340332031,"z":-3.193509817123413},"rotation":{"x":0.24500159919261933,"y":0.659367561340332,"z":-0.24167484045028687,"w":0.6684324145317078},"size":33.322017669677737,"orthographic":false}